ID NO,"Ortho total (25)",Ortho comments,"Lines(25)",Lines comments,"Planes total(20)",Planes comments,"Total(70)"
2022A8PS1240P,17.5,missing hidden lines,0,Not Attempt,6,"Incomplete Part 1, Did not do Part 2 and3,Incorrect labelling, no dimensioning",23.5
2022A3PS0412P,13,Missing hidden,16,Many Mistakes,12,"Did not take circle into consideration, Wrong
linetype, Wrong labelling, No dimensioning,
Part 3 wrong",41
2022A4PS0831P,22.5,Missing hidden and center lines,21,Dimensions and labelings are missing,6,worng orien. incomplete 2nd stage,49.5
2022A7PS0012P,16,"Missing hidden lines, extra lines, not drawn
Acco grid points",4,"Wrong solution, procedure, and dimensions",2,1st part 1st stage drawn with wrong orien.,22
2022A1PS1572P,22,"Missing hidden lines, dimension of cirle  is
not correct",21,"Dimensions are missing and wrong unit
used",5,"wrong quad wrong orien. last stage
incomplete",48
2022AAPS0019P,10,"Randomly drawn drawing with missing
hidden lines, center lines and extra lines",0,No drawing available,3,"only 1st stage drawn with incorrect
orientation",13
2022A1PS1115P,12,"Misssing hidden, center lines, extra lines,
wrong scale",0,no drawing available,9,"incorrect orienatation in all
stages,incomplete drawing ,incorrect
labelling no dim",21
2022A7PS0135P,22,Missing hidden and center lines,24,XY are missing,0,-5 due to wrong quad.,46
2022A3PS0430P,17.5,missing hidden lines,24,Scaling of dimension is to done,3,"Wrong orientation, Incomplete Part 2, Did
not do Part 3, Wrong linetype, Did not take
circle into consideration",44.5
2022A7PS0131P,22,missing hidden lines,0,no drawing available,3,only stage 1 with wrong quadrant,25
2022A4PS0422P,19,missing hidden lines/ extra lines,23,"Some dimensions are missing, minor
variation in final ans",0,Did not attempt,42
2022A7PS0123P,22.5,Missing hidden lines,24,No labeling,15,"incomplete and incorrect stage 3 wrong line
type",61.5
2022A3PS1218P,23.5,Missing hidden line in FV,25,,12,only 1st two stages,60.5
2022A4PS0610P,,,,,,,0
2022A7PS1172P,19.5,"Missing hidden lines, center lines and extra
lines",0,No drawing available,2,"1st stage drawn part 1 with wrong
orientation",21.5
2022A1PS1351P,14,"wrong side view location,missing hidden
lines",0,Not attempted,0,Did not attend,14
2022A8PS1255P,14.5,Missing and extra hidden,24,Dimension of points not done,3,"Incomplete Part 1, Did not do Part 2 and 3,
No labelling, No dimensioning, Wrong
linetype",41.5
2022A7PS0077P,,,,,,,0
2022A4PS1287P,9.5,"Missing lines in TV, Hidden lines in FV, No
SV",24,Dimensioning of points missing,2,"Part 1 incomplete, Did not do Part 2 and 3.",35.5
2022A7PS0001P,20,"Missing hidden and center lines and extra
lines",23,Dimensions and XY are missing,4.5,partial drawing in first two stages,47.5
2022A1PS1615P,12,"Missing hidden in FV, SV",11,Wrong Solution,0,Did not attempt,23
2022A7PS0130P,16,"missing hidden lines,center line",10,Wrong Solution and Procedure,0,Did not attend,26
2022A4PS0798P,21,"Missing hidden lines, extra lines",12,"the incomplete solution, true length wrong
and angles and dimensions are missing",0,-5 due to wrong quadrant,33
2022A1PS0832P,19,"Missing hidden lines, visible lines",2,"Wrong solution, procedure and dimensions",0,not attempted,21
2022A3PS0420P,20.5,Missing hidden lines,2,"Wrong solution, procedure and
dimensions",0,only  part 1 drawn wrong quad.,22.5
2022A8PS1252P,16,"wrong location, missing hidden lines",25,,0,not attempted,41
2022A1PS1567P,14.5,Missing hidden lines,7,Wrong drawing,2,"only 1st stage drawn that too with incorrect
orientation and incorrect positioning",23.5
2022A4PS1277P,22,Missing hidden and labelling,22,"Dimensions are missing and FV&TV are
missing",10,wrong orien. wrong stage 3,54
2022A7PS0144P,20,Missing center and hidden lines,25,,10,"only two stages with 2nd stage being
partially correct",55
2022A8PS0481P,19.5,"Missing hidden and center lines, wrong
dimension",0,No drawing available,0,wrong quad wrong orien,19.5
2022A3PS0381P,11,Missing hidden and center lines,1,(-24)No drawing available,0,not atttempted,12
2022A7PS0195P,20,"Missing hidden lines, missing visible lines",3,Wrong drawing and incomplete attempt,0,not attempted,23
2022A3PS0406P,11,"Misssing hidden, center lines, extra lines,
incomplete drawing",7,Wrong solution and procedure,0,not attempted,18
2022A7PS0132P,22,Missing and extra hidden line,23,Dimensions are missing,17,no lab no dim wrong dir of rotation,62
2022A7PS0154P,17.5,missing hidden lines,23,Incomplete dimensioning,3,"Incomplete Part 1, Did not do Part 2 and 3,
Wrong labelling, No dimensioning",43.5
2022A4PS0716P,17,"Missing hidden lines and wrong in FV and
TV",3,Wrong drawing and incomplete attempt,0,Not attempted,20
2022A8PS0572P,16,"missing hidden lines,location of view",4,wrong,4.5,"Did not do Part 2 and 3, Part 1 wrong
linetype, No labelling",24.5
2022AAPS0339P,16,"wrong view location,missing hidden lines",23,Apparent angle not mentioned,8.5,"Circle diameter wrong, Incomplete Part 2,
Did not do Part 3, Wrong labelling, No
dimensioning",47.5
2022A1PS1666P,13.5,"missing hidden, extra visible, wrong
location",20,Wrong projection done,17.5,"Wrong labelling, Did not mark dimension for
AD, Part 3 circle drawing is wrong",51
2022A1PS1565P,0,Not Attempted,0,Not Attempt,0,Did not attend,0
2022A4PS0676P,20.5,Missing hidden lines,7,"Wrong solution, procedure and dimensions",8,"only two stages with incorrect orientation
and without labelling",35.5
2022AAPS0215P,19,Missing/wrong hidden,24,Point dimensions are missing,14,"Wrong Part 3, missing dimensions, Did not
take circle into consideration, wrong
labelling",57
2022A1PS0982P,12,"Missing hidden lines, visible, center and
extra lines",0,"Wrong solution, procedure and dimensions",0,Not attempted,12
2022A8PS0587P,23,Missing hidden lines,25,,9,2nd and 3rd stage incomplete,57
2022A8PS0020P,19,missing hidden lines,3,wrong,0,Did not attend,22
2022A7PS0063P,,,,,,,0
2022A7PS0096P,0,No drawing,0,No drawing available,0,no drawing available,0
2022A7PS0116P,10,"Missing hidden, visible and wrong
orientation",4,Wrong,0,Did not attend,14
2022A7PS0125P,16,"Missing hidden in FV, SV",7,Only True Shape is made,14,"Part 3 incomplete, No labelling, No
dimensioning, Part 1 Wrong linetype",37
2022AAPS0216P,,,,,,,0
2022AAPS0253P,22,missing hidden lines,25,,12.5,"Did not do Part 3, Wrong labelling",59.5
2022AAPS0344P,17.5,"Missing hidden in FV, SV",23,Some Dimensioning & labelling are missing,8,"Part 2 incomplete, did not do Part 3, No
labelling",48.5
2022A3PS0384P,22,Missing and extra hidden lines,5,"Wrong solution, procedure and dimensions",3,only satge 1 incomplete with wrong orien.,30
2022A4PS0485P,14,"Wrong orientation of TV, missing hidden
lines",0,No drawing available,2,wrong orein. only part 1 stage 1 drawn,16
2022A3PS0504P,0,Not attempted,13,No dimensioning wrong procedure,0,Did not attend,13
2022A3PS0526P,20.5,Missing hidden,15.5,"apparent values are wrong, projection are
wrong",7.5,"Line is not on VP, Incomplete Part 2, Did not
do Part 3",43.5
2022A1PS0742P,18.5,"missing hidden lines,center line
missing hidden lines",23.5,Some dimensioning are missing,5,"No XY line, Circle diameter wrong, Did not
do Part 2 and 3, Incorrect labelling, No
dimensioning",47
2022A4PS0911P,20.5,23,Many dimensions are missing,2,"Hexagon orientation wrong, Incomplete Part
2, Did not do Part 3, Wrong labelling, no
dimensioning",45.5,
2022A1PS0948P,19.5,extra and missing hidden lines,7,wrong solution and procedure,1,"-5 due to wrong quad in correct and
incomplete both stages drawn",27.5
2022A4PS0957P,8,"Missing hidden and center lines, incomplete
drawing, not drawn Acco grid points",0,No drawing available,4.5,"wrong quad. wrong orien. wrong rotation
angle with VP",12.5
2022A7PS1180P,19,Missing hidden lines,24,Dimensions are missing,13,"line type wrong with final stage partially
correct and rotation dir wrong and no
lanbelling and dim missing",56
2022A3PS1199P,14,"missing hidden lines,wrong orientation tv,no
center line",13,Wrong Solution,0,Did not attend,27
2022A8PS1246P,13.5,"Missing hidden, extra and missing visible",15,Wrong Projection Done,0,Did not attend,28.5
2022A8PS1261P,0,no attempt,24,One apparent value is wrong,11,"Circle in Part 2 wrong, Did not do Part 3, No
labelling and dimensioning",35
2022A8PS1265P,15,"missing hidden lines,center line,wrong
orientation
missing hidden lines",3,Wrong Solution,0,Did not attend,18
2022A4PS1275P,19,24,Dimension are missing,10,"Circle diameter wrong, Part 2 incorrect, Did
not do Part 3, Incorrect labelling, no
dimensioning",53,
2022A4PS1283P,14,"Missing lines in TV, FV and hidden lines in
FV, SV",16,Wrong projection taken,5,"Wrong hexagon orientation, Line is not on
VP, Did not do Part 3",35
2022A4PS1295P,19,missing hidden,16,Many mistakes,6,"Wrong orientation, Incomplete Part 2 and
did not do Part 3, no Labelling",41
2022A1PS1307P,23,missing hidden lines,25,,1,"Wrong orientation, Incomplete Part 1, Did
not do Part 2 and 3, No labelling and
dimensioning",49
2022A1PS1327P,16.5,"Missing hidden and center lines, wrong
dimension",0,No drawing available,7,wrong orien. incomplete 2nd stage,23.5
2022A1PS1339P,15,"Missing hidden and center lines, wrong
dimension, not drawn Acco grid points",2,Wrong solution,0,not attempted,17
2022A1PS1356P,20,"Missing hidden and center lines, not drawn
Acco grid points",3,"Wrong solution, procedure and dimensions",0,no fig available,23
2020B5A22011,10,wrong solution3 Wrong solution,13,,,,
2022A7PS0006P,16,Missing and extra hidden line,24,Point dimension are missing,3,"Incomplete Part 1, Did not do Part 2 and 3",43
2022A7PS0011P,8.5,Missing hidden and center lines,7,"Wrong solution, procedure and dimensions",3,"incomplete 1st stage , no 2nd ,3rd",18.5
2022A7PS0014P,17.5,"missing hidden lines
missing hidden lines",18,"All apparent values are wrong, mistake in
procedure",7.5,"Part 2 angle wrong, Incomplete Part 2, Did
not do Part 3, Missing labelling, No
dimensioning",43
2022A7PS0016P,20.5,24,Point Dimensions are missing,8,"Part 2 FV wrong  and TV angle wrong, Did
not do Part 3, No dimensioning",52.5,
2022AAPS0021P,22.5,extra visible and missing hidden line,7,Wrong drawing,4,"only 1st stage drawn that too partially
correct",33.5
2022AAPS0025P,22,Missing and extra hidden line,0,No drawing available,11,"wrong orien. in all stages no dim incompl.
lats stage",33
2022A7PS0035P,17.5,Missing hidden,4,Wrong,6.5,"Incomplete Part 1, Did not do Part 2 and 3",28
2022A7PS0055P,23.5,Missing hidden,22.5,"Apparent values are wrong, dimensioning
of points not done",18.5,"Part 1 Wrong linetype, No dimensioning, but
correct answer",64.5
2022A7PS0086P,20,"Missing hidden lines, wrong orientation",2,"Wrong solution, procedure and dimensions",3,"stage 1,2 incomplete wrong orien all fig
incomplete",25
2022A7PS0114P,20.5,Missing hidden,10,Wrong Procedure,0,"Wrong hexagon and Didnot do Part 2 and 3,
Wrong Part 1",30.5
2022A7PS0150P,20.5,Missing hidden lines,7,"Wrong solution, procedure and
dimensions",11,incomplete figure no circle drawn,38.5
2022A7PS0152P,16,"missing hidden lines,center line,
missing hidden lines,center line,location of
view",12,Wrong Solution made in single quadrant,0,Did not attend,28
2022A7PS0157P,17,9.5,Wrong Solution,1.5,"Wrong orientation, Hexagon orientation
wrong, Incomplete Part 1, Did not do part 2
and 3, No label and dimensions",28,
2022AAPS0214P,20.5,Missing hidden and wrong location,21.5,"angle value not mentioned, dimension are
missing",14,"Did not take circle into consideration,
Incomplete Part 3, No dimensioning",56
2022AAPS0219P,13,"Missing hidden, extra hidden and wrong Tv
orientation",9,Wrong Solution,10.5,"Did not take circle into consideration,
Incomplete Part 3, Part 1 Wrong linetype",32.5
2022AAPS0258P,17,Missing hidden lines and extra visible line,25,,4,"only 1st stage  is drawn with wrong
orientation",46
2022AAPS0266P,17.5,"Missing hidden in FV, SV",25,,8.5,"Part 2 incomplete, Did not do Part 3",51
2022AAPS0300P,,,,,,,0
2022A4PS0355P,7,"Missing hidden and center lines, not drawn
Acco grid points, incomplete drawing",5,"Wrong solution, procedure and
dimensions",8,"no reference for 2nd and 3rd stage taken
random shape drawn",20
2022A3PS0378P,8,"Wrong orientation, missing hidden, center
lines",7,"(-18)Wrong drawing and incomplete
drawing",0,not attempted,15
2022A3PS0402P,19,"missing hidden lines,extra lines,dimension
lines",20,All Apparent values are wrong,0,Did not attend,39
2022A3PS0419P,23.5,missing hidden lines,23,Many dimension are missing,17.5,"Incomplete Part 3, Missing labelling and
dimensioning, but Correct answer",64
2022A3PS0451P,0,No attempt,19,Many mistakes,16,"Incomplete Part 3, Missing dimensioning",35
2022A3PS0478P,20.5,Missing hidden lines,25,,6,"wrong orientation incomplete 2nd and 1st
stage",51.5
2022A3PS0483P,13.5,Missing hidden and extra visible,3,Wrong,16.5,"Incomplete Part 3, No labelling, No
dimensioning, but answer is correct",33
2022A3PS0493P,20,"Missing and extra hidden lines, not drawn
Acco grid points",23,Dimensions are missing,17.5,last stage incomplete no wrong lab no dim,60.5
2022A8PS0539P,22,Missing hidden and extra lines,15,"treu length and angle and labeling
aremissing",0,Not attempted,37
2022A8PS0561P,20,"Missing hidden lines, wrong dimension",23,Dimensions are missing,17.5,"no dim incorrect labelling incorrect final
stages",60.5
2022A4PS0599P,10.5,"Missing hidden in FV, SV",3,wrong solution,7,"Wrong Hexagon orientation, Line is not on
VP, Did not take circle into consideration",20.5
2022A8PS0622P,16,Missing and extra hidden lines,3,"Wrong solution, procedure and
dimensions",7,only 2 stage drawn both incomplete,26
2022A4PS0651P,20,missing hidden lines,11,Wrong procedure,3,"Wrong orientation, Did not take circle into
consideration, No labelling, No
dimensioning",34
2022A4PS0669P,19,missing hidden lines,20.5,"Apparent values are wrong, dimensioning
not done properply",11,"Hexagon orientation wrong, Did not do Part
3, Incorrect labelling, No dimensioning",50.5
2022A4PS0689P,22,Missing hidden lines,23,Dimensions are missing,4.5,"incorrect orientation and incomplete 2nd
stage",49.5
2022A4PS0697P,19,Missing hidden lines,25,,13,"incorrect orientation and incomplete final
stage",57
2022A1PS0824P,16.5,"feature location,missing hidden lines",18,"apparent value are wrong, dimension are
missing",6.5,"Incomplete Part 1 and 2, Did not do Part 3,
No labelling and dimensioning, FV is on HP",41
2022A4PS0915P,22,Missing hidden lines,0,No drawing available,10,"incomplete figure in all stage plus incorrect
rotation in stage 3",32
2022A4PS0919P,13,Wrong and missing hidden lines,25,,11.5,incomplete 2nd stage,49.5
2022A4PS0942P,7.5,extra and missing hidden and visible,25,,0,Did not attend,32.5
2022A1PS1149P,22,Missing hidden,24,Point Dimension are missing,6,"Did not do Part 2 and 3, no dimensioning",52
2022A3PS1200P,19,Missing hidden lines,25,,11.5,incomplete 2nd stage,55.5
2022A3PS1203P,20,Missing hidden and center lines,22,Dimensions labeling and FV TV are missing,9,"incorrect orientation and incomplete fogure
in 3rd stage",51
2022A8PS1267P,16,"Missing hidden, extra line",5,Wrong Solution,7.5,"Incomplete Part 2, Did not do Part 3,
Missing labelling, No dimensioning",28.5
2022A1PS1340P,20.5,missing hidden lines,21.5,"Exchange of points, some dimensions are
missing",5,"Circle diameter wrong, Did not do Part 2
and 3, No dimensioning",47
2022A1PS1343P,13.5,"Missing hidden, extra visible, wrong
orientation",0,Not attempt,12.5,"Did not do Part 3, Incomplete labelling",26
2022A1PS1597P,19,"Missing hidden in FV, SV",11,Wrong Procedure,0,Did not attend,30
2022A7PS0004P,15,"wrong orientation, missing hidden, center
lines",25,,2,"only 1st part of  stage 1 is drawn with wrong
orien.",42
2022A7PS0007P,10,"wrong,incomplete,missing hidden lines",15,"Partially procedure is correct, apparent
values are wrong",8,"Did not take circle into consideration, Wrong
Part 2 and Part 3, No labelling and
dimensioning",33
2022A7PS0049P,16,missing hidden lines,13,Wrong solution,15.5,"Incomplete Part 3, Missing labelling, No
dimensioning",44.5
2022A7PS0068P,0,No drawing,12,wrong solution  and values,5.5,wrong orient. only 1st stage drawn,17.5
2022A7PS0073P,10,Missing and extra hidden,4,Wrong,0,Did not attend,14
2022A7PS0074P,21,Missing hidden and visible lines,12,"Wrong procedure, and wrong solution and
dimensions",9,only two stages drawn with wrong orien.,42
2022A7PS0092P,,,,,,,0
2022A7PS0093P,21.5,Missing hidden lines,0,no drawing available,5,only stage 1 is drawn partially correct,26.5
2022A7PS0103P,23.5,Missing hidden line,8,"wrong true length and angle, dimensions
and labeleings are missing and",7,"wrong orientation 1st stage only and 2nd
part fo stage 2",38.5
2022A7PS0160P,23.5,Missing hidden line in FV,25,,20,Correct answer,68.5
2022A7PS0166P,14,"Missing hidden lines, visible, center and
extra lines",20,Dimension taken wrong and lebeling,10,only two satges done 2nd stage incomplete,44
2022A7PS0177P,18,"Missing hidden, wrong visible",24,Point Dimension are missing,4,"Wrong orientation, No labelling, No
dimensioning, Incomplete Part 2, Did not do
Part 3",46
2022A7PS0180P,19,"missing hidden lines
missing hidden lines",23,"Minor mistake in apparent length, some
dimensions are missing",10.5,"Incomplete Part 2, Did not do Part 3,
Missing Dimensioning",52.5
2022AAPS0217P,17.5,23,dimension not done properly,5,"Wrong orientation, Part 1 Wrong linetype,
Incomplete Part 2, Did not do Part 2, Wrong
labelling, no dimensioning",45.5,
2022AAPS0257P,16,Missing hidden lines and wrong in RSV,7,(-18)Wrong drawing,8,"incorrect line type + only 1st stage and
partial 2nd stage drawn",31
2022A3PS0282P,13.5,"wrong orientation of TV, missing hidden
lines",0,No drawing availabl,0,not attempted,13.5
2022AAPS0292P,5,Total wrong drawing,25,,7,"wrong orientation only 2stage drawn with
2nd being partially correct only",37
2022AAPS0314P,20.5,"Missing hidden lines in FV, SV",23,Angle and point dimensoning missing,1.5,"Part 1 wrong, Did not do PArt 2 and 3",45
2022AAPS0318P,17,"missing hidden lines,center line",0,Not Attempt,0,Did not attend,17
2022AAPS0347P,23,Missing hidden lines,7,Wrong solution and procedure,8,"incorrect orientation plus incomplete figure
in all stages",38
2022AAPS0363P,20.5,Missing hidden,24,Point Dimension are missing,0,Did not attend,44.5
2022A3PS0387P,14,"missing hidden,center lines",22,"apparent angle and some dimension are
missing",9,"Incomplete Part 2, Did not do Part 3, Wrong
labelling, No dimensioning",45
2022A3PS0427P,18,"Missing and extra hidden, missing visible",8,Incomplete Solution,0,Did not attend,26
2022A3PS0448P,21,"Missing hidden lines, wrong dimension",5,Wrong solution and procedure,16,"only 1 part of 3rd stage 2nd stage circle not
drawn with proper divisions",42
2022A3PS0465P,18,"Missing visible, hidden lines",23,"True length is not equal and wrong and
true inclination is wrong",0,incorrect figure,41
2022A3PS0467P,8,"Wrong orientation, Missing hidden lines,
visible, center and extra lines",0,No drawing available,2,only 1 part of stage 1 with incorrect line type,10
2022A3PS0508P,12,"Missing hidden, visible",12,Wrong Procedure,6,"Missing labelling, Line is not on VP, Did not
do Part 2 and 3",30
2022A8PS0564P,17,Missing/wrong hidden and visible,24,Point  dimension are missing,13.5,"Part 2 Circle projection is wrong, Incomplete
Part 3, Part 1 Wrong linetype, No labelling,
No dimensioning",54.5
2022A4PS0808P,17,"Missing hidden lines, not drawn Acco grid
points",13,"wrong solution, dimensions taken wrong",0,wrong quad.,30
2022A1PS0820P,23,Missing hidden lines,0,No drawing available,10,"wrong orientation last stage only  part with
wrong rotation and no lab and dim",33
2022A4PS0975P,11,"Missing hidden lines, visible, center and
extra lines",0,No drawing available,4,"1st stage partially correct with wrong
orientation",15
2022AAPS1191P,17.5,"Missing hidden, wrong orientation",4,Incomplete Solution,5.5,"Wrong orientation, Incorrect labelling,
Incomplete Part  2, Did not do Part 3, No
dimensioning",27
2022A3PS1208P,19,"missing hidden lines,feature location",0,dont attempt,4,"Wrong orientation, Circle diameter wrong,
Did not fo Part 2 and 3, Missing labelling, No
dimensioning",23
2022A8PS1210P,16,"Missing hidden in FV, SV",0,Not attempt,0,Did not attend,16
2022A3PS1212P,16,hidden lines are missing,0,No drawing available,8,"incorrect orientation and incomplete figure in
2nd part of both 1st  and 2nd stage",24
2022A3PS1215P,17,Extra visible line and missing hidden lines,7,"Wrong Solution, procedure and
dimensions",11,"incorrect orientation and incomplete figure in
3rd stage no dim.",35
2022A3PS1220P,17.5,Hidden lines missing,23,Incomplete Dimensioning,15.5,"Incomplete Part 3, Incorrect labelling, No
dimensioning",56
2022A8PS1243P,17.5,"Missing hidden and center lines, not drawn
Acco grid points",3,"Wrong Solution, procedure and
dimensions",0,not attempted,20.5
2022A8PS1260P,21,Extra hidden lines and wrong in TV,25,,18,"last stage partially correct no dim wrong dir
of rot in last stage",64
2022A4PS1274P,17.5,Missing hidden lines,7,"Wrong Solution, procedure and
dimensions",4,"incorrect orientation plus incorrect labelling
only 1 stage is drawn",28.5
2022A4PS1296P,19.5,"Missing hidden lines, wrong orientation and
dimension",21,Dimensions and labeling are missing,4,only 1st stage drawn with wrong orien.,44.5
2022A1PS1595P,17.5,"Missing hidden in FV, SV",21,Length and angle Values are wrong,17,"Part 3 incomplete, Part 1 and 2 are correctly
done",55.5
2022A1PS1695P,16,"location of view,missing hidden lines",21.5,"Exchange of point and point dimension not
shown",3.5,"Incomplete Part 1, Did not do Part 2 and 3,
Part 1 wrong linetype, Missing labelling, No
dimensioning",41
2022AAPS0230P,5.5,"Extra and missing hidden in FV, and No
TV, SV",0,Not Attempt,0,Did not attend,5.5
2022A7PS0010P,20.5,missing hidden lines,23,.Minor variation in ans and one apparent,17,"Part 1 Wrong linetype, Part 3 incomplete, no
dimensioning, but Correct answer",60.5
2022A7PS0033P,15.5,"Missing hidden and center lines, not drawn
Acco grid points",2,"Wrong Solution, procedure and
dimensions",0,not attempted,17.5
2022A7PS0038P,22,Missing hidden lines,3,Wrong solution & procedure,0,not attempted,25
2022A7PS0056P,20.5,Missing hidden,23,Apparent length values are wrong,16,"Incomplete Part 3, Incomplete labelling,
Incomplete dimensioning, Part 1 Wrong
linetype",59.5
2022A7PS0065P,21,"Missing hidden lines , extra lines, visible
lines",0,Wrong solution & procedure,18,"deduc due to no dim and wrong dir of
rotation",39
2022A7PS0080P,22,Missing hidden lines,25,,19,"incorrect labelling for FV dash not shown
plus missing dimensioning",66
2022A7PS0084P,8,"incomplete,missing hidden lines",12,Wrong Procedure,19,"Missing dimensioning, Incorrect labelling but
correct answer",39
2022A7PS0133P,22,Missing hidden lines,25,,6,only stage 1 is drawn,53
2022A7PS0142P,17.5,missing hidden lines,22,"Labeling not done & point dimension are
missing",8,"Incomplete Part 2, did not do Part 3, Wrong
linetype, Wrong labelling, no dimensioning",47.5
2022A7PS0148P,18.5,"missing hidden lines,center line",3,Wrong,10,"Wrong orientation, Incomplete Part 3, No
labelling and dimensioning",31.5
2022A7PS0156P,19,Missing hidden and extra center lines,0,No drawing available,8,"incomplete figure in all the stages {only 2
drawn)",27
2022A7PS0178P,22.5,Missing hidden and visible lines,25,,16,incomplete last stage no dim,63.5
2022AAPS0234P,19,Missing and extra hidden lines,20,Dimensions are true length are missing,9,only 1st three part in two stages drawn,48
2022AAPS0256P,20.5,missing hidden lines,24,Dimensions are missing,5,"wrong orien. only 1st three diagrams drawn
2nd stage wrong",49.5
2022AAPS0264P,23,Missing hidden lines,4,"Wrong solution, procedure and
dimensions",8,"wrong orientation only two stages drawn
partially correct",35
2022A3PS0327P,14,"Missing lines in FV and Hidden in FV, SV",23.5,Some Dimensioning are missing,0,Did not attend,37.5
2022A3PS0394P,14,Missing and extra hidden lines,5,"Wrong solution , procedure",0,not attempted,19
2022A3PS0418P,22.5,Missing hidden lines,23,Dimensions are missing,16,incomplete last stage no dim no lab,61.5
2022A3PS0441P,13,Missing hidden,4,Wrong,7,"Wrong orientation, Incomplete Part 2, Did
not do Part 3",24
2022A3PS0445P,15,Wrong RSV and missing hidden lines,0,No drawing available,10,"wrong orientation,incorrect last stage",25
2022A3PS0471P,16,missing hidden lines,25,,10.5,"Part 2 circle wrong, Did not do Part 3,
Wrong labelling, No dimensioning",51.5
2022A3PS0498P,18,"Missing hidden lines, visible, center and no
labelling",25,,8,"only upto 1st part of 2nd stage with incorrect
line type",51
2022A3PS0500P,17.5,Extra and missing hidden lines,7,"(-10) Wrong drawing and (-8) wrong
procedure followed",6,"incorrect orientation,labelling only 1st stage
partially correcct",30.5
2022A4PS0502P,18.5,"Missing and extra hidden lines, not drawn
Acco grid points",0,No drawing available,0,1 stage drawn 1st part wrong quad,18.5
2022A3PS0503P,4,Incomplete diagram,0,No drawing available,0,not attempted,4
2022A3PS0507P,13,"Missing hidden lines, center lines, brsv",0,No drawing available,4,"only stage 1 with incorrect linetype and
partially correct",17
2022A4PS0545P,17.5,"missing hidden lines
missing hidden lines
missing hidden lines",0,not attempt,1,"Wrong orientation, Incomplete Part 1, Did
not do Part 2 and 3, Circle dia wrong,
Missing labelling, No dimensions",18.5
2022A8PS0583P,19,21.5,"Exchange of points and point dimension
missing",12.5,"Hexagon orientation wrong, Incomplete Part
3, Missing labelling, No dimensioning",53,
2022A1PS0589P,17.5,14,"Exchange of points and all apparent values
are wrong",1,"Incomplete Part 1, Did not do Part 2 and 2,
No labelling and dimensioning, Centers did
not align",32.5,
2022A8PS0591P,16,"missing hiddn lines,center line",22.5,Labelling missing and dimension is missing,12.5,"Wrong Hexagon orientation, Wrong
labellling, No dimensioning",51
2022A4PS0792P,20,Missing hidden and center lines,24,true inclination with HP wrong,4,incorret position(quadrant not specified),48
2022A1PS0946P,10,Incomplete drawing of FV and RSV,0,No drawing available,0,incorrect shape octagon,10
2022A4PS0947P,20.5,Missing labelling and hidden lines,25,,15.5,"circle not fit in 2nd 3rd stage -1 last stage
not drawn completely plus angle direction
CCW",61
2022A7PS1181P,12,"Missing hidden lines, center lines and extra
lines, no labelling",4,"Wrong solution, procedure and dimensions",6,"wrong orientation only two stages drawn
partially correct",22
2022A3PS1214P,16,"Missing hidden in FV, SV",25,,19,Mistake in Diagonal AD dimension,60
2022A3PS1223P,21,"Missing hidden lines, visible",5,Wrong solution and procedure,10,"incorrect orientation incomplete and
incorrect stage with no labelling and
dimensioning",36
2022A3PS1234P,19,missing hidden lines,24.5,Minor error in apparent length,11,"Incomplete Part 2, Did not do Part 3, Wrong
labelling, No dimensioning",54.5
2022A8PS1263P,0,Only shortcut files were uploaded.,0,,0,,0
2022A8PS1264P,17.5,missing hidden lines,15,"exchange of points, apparent values are
wrong",1,"Incomplete Part 1, Did not do Part 2 and 3,
no labelling and dimensioning, Wrong
linetype",33.5
2022A4PS1273P,17.5,"wrong orientation TV,missing hiddden lines",3,Wrong,0,Did not attend,20.5
2022A4PS1284P,19,Missing hidden lines,7,"Wrong solution, procedure and dimensions",0,not attempted,26
2022A4PS1289P,20.5,Missing hidden lines,3,"Wrong solution, procedure and dimenions",2,"only 1st stage 1st part with wrong
orientation",25.5
2022A4PS1562P,14.5,Missing and wrong hidden,15.5,"Exchange of points Wrong values of
apparent length and angle",17,"Incorrect labelling, Part 3 incomplete, Part 1
wrong linetype, No dimensioning, But
correct answer",47
2021D2TS2087P,8.5,Total drawing is wrong,0,Wrong drawing available,4,"only stage 1 drawn partially correct with
incorrect labelling",12.5
2022A7PS0005P,12,"Wrong drawing and location TV missing
hidden lines",0,No drawing available,6,"only 1st stage complete 2nd stage part1 all
with incorrect orientation and labelling",18
2022A7PS0017P,20.5,missing hidden lines,9,Wrong solution,10,"Part 2 Wrong angle, Did not do Part 3, No
labelling and dimensioning, Wrong linetype",39.5
2022A3PS0034P,19,Missing hidden lines,0,"Wrong solution, procedure and
dimensions",1.5,part 1 stage drawn with wrong orientation,20.5
2022A7PS0037P,21,Missing hidden and visible lines,0,No drawing available,0,wrong orien. wrong quad.,21
2022A7PS0053P,13.5,Missing hidden and center lines,7,"Wrong solution, procedure and
dimensions",0,incorrect figure,20.5
2022A7PS0078P,12,Missing hidden No labelling,24.5,Minor Variation in values,4,"Wrong orientation, Part 2 wrong, did not do
Part 3",40.5
2022A7PS0083P,17.5,missing hidden lines,17,"Quadrant are wrong and exchange of
points",0,Did not attend,34.5
2022A7PS0085P,13,not in order and missing hidden lines,0,No drawing available,6,"incorrect orientation only 1st stage partially
correct",19
2022A7PS0087P,17.5,missing hidden lines,17,"Tv and Fv are interchanged in apparent and
exchange of points",9.5,"Part 2 wrong, Did not do Part 3, no
dimensioning, Incomplete labelling",44
2022A7PS0111P,14,"Missing hidden and wrong center lines,
extra lines and missing lines",4,"Wrong solution, procedure and dimenions",9,"2nd stage incomplete only 3rd figure is
drawn",27
2022A7PS0121P,21,extra visible line and missing hidden lines,2,"Wrong solution, procedure and dimenions",5,wrong 2nd and 3rd stage,28
2022AAPS0194P,5,"Wrong location of views, Missing hidden
and Wrong visible lines",12,Wrong Procedure,16.5,"Did not take circle into consideration, Part 1
and 2 wrong linetype, Wrong gridspacing",33.5
2022AAPS0198P,22,Missing hidden and axis distance,25,,17,"incomplete last stage plus no dim and no
TV labelling",64
2022AAPS0203P,17.5,"Missing hidden in FV, SV",3,Wrong,19,"Incomplete labelling, Did not mark the
dimensions",39.5
2022AAPS0240P,8,"wrong,missing hidden lines",19,"Dimensions are missing, exchange of
points, apparent angle are wrong",0,Did not attend,27
2022AAPS0247P,23.5,missing hidden lines,12,Wrong Procedure,16.5,"Incomplete Part 3, Missing dimensioning",52
2022AAPS0322P,12,"Wrong location of views, missing hidden,
no labelling, wro in TV",3,"Wrong solution, procedure and
dimensions",0,not attempted,15
2022AAPS0358P,23.5,missing hidden lines,12,Wrong Procedure,3,"Incomplete Part 1 and 2, Did not do Part 3,
Circle diameter wrong, No labelling and
dimensioning",38.5
2022A3PS0375P,15,"Missing hidden lines, visible, center and
extra lines",2,"Wrong solution, procedure and dimenions",0,not attempted,17
2022A3PS0431P,13,"Misssing hidden, center lines, extra lines,
wrong orientation",2,No drawing available,8,"incomplete figure in 1st, 2nd stage no 3rd
stage wrong lab no dim",23
2022A3PS0528P,21,"Missing hidden and visible lines,",3,"Wrong solution, procedure and dimensions",8,2nd stage incomplete wrong orien.,32
2022A4PS0556P,22,Missing hidden,25,,18.5,"Wrong labelling, Missing dimensioning, but
Correct answer",65.5
2022A8PS0557P,10,"Wrong orientation, location of TV and
missing Hidd Lin",7,"Wrong solution, procedure and
dimensions",10,"incorrect quadrant , incorrect orientation
plus incomplete final stage",27
2022A8PS0611P,22,Missing hidden lines,3,"Wrong solution, procedure and dimenions",14,incorrect last stage wtong lab no dim,39
2022A4PS0660P,11.5,"wrong hidden lines in TV and missing
hidden, center",0,No drawing available,13,incorrect orientation and dimensioning,24.5
2022A1PS0661P,14,"Missing hidden, center lines, extra lines and
wrong projection",0,No drawing available,0,no attempt,14
2022A4PS0781P,22,missing hidden lines,12,Wrong Procedure,9,"Wrong orientation, Did not take circle into
consideration, Incomplete Part 3",43
2022A1PS0784P,8,Incomplete drawing,7,"Wrong solution, procedure and
dimensions",2,"incomplete drawing,wrong orientation",17
2022A1PS0841P,17,"missing hidden lines,center line",24,Dimensioning of points are missing,14,"TV not on VP, Incomplete Part 3, No
labelling and dimensioning",55
2022A4PS0896P,6.5,"Missing hidden, extra visible, wrong
location",0,Not Attempt,11,"Wrong orientation, Wrong Hexagon
orientation, Wrong labelling",17.5
2022A4PS0938P,16,"Missing hidden in FV, SV",3,Wrong Solution,11,"Hexagon dimension wrong, Did not plot for
circle",30
2022A1PS0959P,17.5,"Missing hidden lines and something wrong
in FV",3,wrong solution,7.5,"incorrect orinetation with wrong quadrant
and incomplete figure in 2nd and third stage",28
2022A1PS1104P,17,Missing hidden lines,0,No drawing available,0,not atttempted,17
2022A1PS1134P,16,"Missing hidden and center lines, not drawn
Acco grid points",0,no drawing available,0,not attempted,16
2022A7PS1178P,16,"Missing lines in TV and hidden in  FV, SV",18,Wrong projection of true length,1.5,"Part 1 incomplete, Did not do Part 2 and 3",35.5
2022A3PS1209P,10,"Missing hidden, wrong orientation",11.5,Wrong Solution,2,"Wrong Orientation, Incomplete Part 1, Did
not do Part 2 and 3",23.5
2022A3PS1213P,22,Missing hidden,25,,8,"Wrong orientation, Wrong labelling, No
Dimensioning, Did not do Part 3",55
2022A3PS1229P,16.5,Missing hidden and extra visible,0,,19.5,"Incomplete dimension marking, Incomplete
labelling in Part 3",36
2022A8PS1254P,17.5,"missing hidden lines,center line",16,"Point location are wrong, apparent values
are wrong",0,Did not attend,33.5
2022A5PS1454P,4.5,"Missing hidden and center lines, incomplete
drawing, wrong dimension",4,"Wrong solution, procedure and
dimensions",0,not attempted,8.5
2022A5PS1462P,13,Wrong drawing and missing hidden lines,7,"Wrong solution, procedure and
dimensions",3,"only 1st part of stage 1 correct with incorrect
line type",23
2022A1PS1576P,17.5,missing hidden lines,13,Wrong Procedure,6,"Wrong orientation, Part 1 Wrong linetype,
Part 2 wrong angle, Did not do Part 3, No
labelling and dimensioning",36.5
2022A1PS1596P,17.5,Missing hidden lines,16,"Wrong Solution, Quadrant,Exchange of
points",10.5,"Wrong circle, Part 2 incomplete, Wrong Part
3",44
2022A8PS1731P,0,No drawing,22,Dimensions are missing,19.5,wrong direc of angle,41.5
2022A7PS0003P,17.5,missing hidden lines,25,,7,"Wrong circle diameter, Did not do Part 2
and 3",49.5
2022A7PS0008P,23,Missing hidden lines,4,"Wrong solution, procedure and
dimensions",9,only 1st two stages incomplete,36
2022AAPS0028P,22.5,Missing hiddenand extra hidden lines,0,No drawing available,0,wrong quad. incomplete in all stages,22.5
2022A7PS0052P,10,"wrong views,orientation,missing hidden
lines",20,no dimensioning done,1,"Wrong orientation, Wrong hexagon
orientation, Line is not on VP, no labelling
and dimensioning",31
2022A7PS0069P,20,Missing hidden lines,0,no drawing available,7,"only 1st stage partially correct 2nd stage 1st
part wrong",27
2022A7PS0089P,18.5,Missing hidden lines,2,"Wrong solution, procedure and
dimensions",1,incomplete part 1 with wrong orien.,21.5
2022A7PS0091P,18.5,Missing hidden and center lines,0,No drawing available,14,only 2 stages drawn correctly,32.5
2022A7PS0094P,25,,23,Dimensions are missing,14,"wrong orientation sightly incorrcect in stage
2 and 3",62
2022A7PS0097P,22,missing hidden lines,24,Point Dimension are missing,10.5,"Incomplete Part 2, Did not do Part 3, no
labelling, no dimensioning",56.5
2022A7PS0126P,17.5,missing hidden lines,24,Point Dimension are missing,6,"Incomplete Part 2, Did not do Part 3, Circle
diameter wrong, No labelling and
dimensioning",47.5
2022A7PS0140P,20.5,Missing hidden lines,23,Dimensions are missing,15,"last stage wrong rotation only part with no
dimensioning",58.5
2022A7PS0141P,23,Missing hidden lines,12,"Wrong dimension taken and wrong true
length",0,not attempted,35
2022A7PS0153P,22,Missing hidden lines,25,,10,"wrong orientation stage 3 incomplete no lab
no dim",57
2022A7PS0164P,19,missing/extra hidden lines,25,,15,"Incomplete Part 3, Missing labelling, No
dimensioning",59
2022A7PS0165P,14.5,Missing/extra/wrong visible and hidden,24,Point Dimension are missing,12,"Incomplete Part 2, Did not do Part 3, No
dimensioning, Missing labelling",50.5
2022AAPS0207P,21,Extra visible and missing hidden lines,7,Wrong drawing,6,"only 1st stage is complete with incorrect
orientation",34
2022AAPS0210P,20,"Missing hidden and visible lines, not drawn Acco grid points",23,Angle and point dimensioning missing,12,"Part 2 incomplete, Did not do part 3",55
2022AAPS0248P,24,Missing hidden lines,0,No drawing available,7,wrong orien. incomplete fig. in all stages,31
2022AAPS0255P,10,"Wrong location, Extra line in TV, Missing
hidden in FV, SV",13,,0,Did not attend,23
2022AAPS0305P,21,"Missing hidden lines, extra lines",3,"Wrong solution, procedure and dimensions",3,"both part 1st stage drawn with wrong
orientation",27
2022AAPS0311P,20.5,missing hidden lines,12,Wrong PROCEDURE,20,Correct answer,52.5
2022AAPS0369P,15,Missing hidden and center lines,0,No drawing available,11,only two stages drawn 2nd incomplete,26
2022A3PS0405P,10,Missing and extra hidden,16,Exchange of points wrong apparent values,1,"Hexagon orientation wrong, Incomplete Part
1, Did not do Part 2 and 3",27
2022A8PS0424P,10.5,"Missing hidden lines in FV, SV, Wrong
orientation, location",13,Wrong procedure,0,Did not attend,23.5
2022A3PS0437P,16.5,"Missing hidden lines in FV, SV and missing
line in SV",22,Lines are in single quadrant,11,"Part 1 - Wrong orientation of hexagon, Part
3 incomplete",49.5
2022A3PS0475P,13.5,"Wrong location and orientation of TV and
missing hid, ext lin",2,"Wrong solution, procedure and dimensions",1.5,only part 1 with wrong orein drawn,17
2022A3PS0510P,18,"Missing hidden lines, extra lines, not drawn
Acco grid points",0,No drawing available,0,not attempted,18
2022A3PS0523P,20,24,dimension missing,0,Did not attend,44,
2022A8PS0620P,12,"Missing hidden, extra line, wrong
orientation",12.5,Many Mistakes,9,"Incomplete Part 2, Did not do Part 3, No
labelling, No dimensioning",33.5
2022A4PS0749P,14.5,"Extra visible line and missing hidden and
extra lines",3,"Wrong solution, procedure and dimensions",1,"Wrong orientation only part 1 hexagon
drawn",18.5
2022A4PS0965P,7.5,missing visible and hidden lines,16,"Silly mistakes, Exchange of points, missing
dimensions",1.5,"Incomplete Part 1, Did not do Part 2 and 3",25
2022A1PS1069P,16,Missing hidden lines and wrong in FV,0,No drawing available,3,only partial  1st stage drawn,19
2022A1PS1126P,17,"orientation tv,missing hidden lines",9,"Wrong Solution, marks for steps",0,Did not attend,26
2022A7PS1173P,12.5,"Extra line in TV, Missing and wrong hidden
in FV, SV",11,Wrong Procedure,1,"Part 1 incomplete, Did not do Part 2 and 3",24.5
2022A7PS1176P,19,missing hidden lines,25,,13,"Did not do Part 3, Missing labelling and
dimensioning",57
2022A7PS1189P,17.5,Wrong and missing hidden lines,0,No drawing available,13,"incomplete figure in all stages no circle
drawn",30.5
2022A3PS1205P,17.5,"Missing hidden in FV, SV",25,,8,"Part 2 incomplete, Did not do Part 3",50.5
2022A3PS1222P,17.5,missing hidden lines,24,Point dimension are not mentioned,14,"Hexagon orientation wrong, Incomplete Part
3, Wrong labelling, no dimensioning",55.5
2022A3PS1227P,20.5,missing hidden lines,0,"Wrong solution, procedure and
dimensions",18,no lab no dim,38.5
2022A3PS1228P,20.5,missing hidden lines,7,"Wrong solution, procedure and dimensions",13,incomplete figure in 2nd and last stage,40.5
2022A3PS1232P,7,"Only TV drawn, extra visible line",3,Wrong,12,"Wrong orientation, No dimensioning, Circle
is wrong",22
2022A8PS1258P,14,"Missing hidden lines, not drawn Acco grid
points, wrong dimension, extra lines",0,No drawing available,0,not attempted,14
2022A8PS1262P,17.5,"Missing hidden lines, wrong dimension",22,Dimensions are missing,9,"wrong orien. incomplete fig. in 2nd and 3rd
stages",48.5
2022A4PS1276P,15.5,"Missing hidden and center lines, not drawn
Acco grid points",4,"Wrong solution, procedure and dimensions",8,both stage 1 stage 2 incomplete,27.5
2022A4PS1294P,12,"wrong location of fv tv lsv,missing hidden
lines",24,Point dimension are not mentioned,4,"Hexagon wrong orientation, Did not do Part
2 and 3, missing labelling, no dimensioining",40
2022A7PS0009P,22,Missing hidden,14.5,"All apparent values are wrong, point are
exchanged",2,"Incomplete Part 1, Did not do Part 2 and 3",38.5
2022A7PS0067P,19,missing hidden lines,7,Solution not made,3,"Incomplete Part 1, Did not do Part 2 and 3,
Missing labelling, No dimensioning",29
2022A7PS0070P,11.5,"Missing and Extra hidden lines in FV, SV",12,Wrong procedure,18,Incomplete Part 3 but answer is correct,41.5
2022A7PS0088P,20.5,missing hidden lines,18,"Exchange of point, many mistakes",2,"Wrong orientation, Incomplete Part 1, Did
not do Part 2 and 3, Incorrect labelling, No
dimensioning",40.5
2022A7PS0100P,20,"Missing hidden and center lines, missing
visible line",3,"Wrong solution, procedure and dimensions",15,incomplete fig in all stages no circle,38
2022A7PS0113P,22,Missing hidden in FV,24,Angle missing of True length,16.5,"Part 3 incomplete, Did not label completely",62.5
2022A7PS0136P,20,"Missing hidden lines, extra lines, axis
projection",0,No drawing available,0,wrong quad wrong orien.,20
2022A7PS0143P,19,"Missing hidden lines,extra lines, not drawn
Acco grid points",3,"wrong solution, procedure and dimensions",0,wrong quadrant wrong orientation,22
2022A7PS0147P,20,Missing hidden and center lines,0,No drawing available,8.5,"drawn only upto stage 2 with wrong
orientation",28.5
2022A7PS0155P,12,"missing hidden, center, extra lines, axis
lines",0,No drawing available,7,"only 2 stages wron orientation partially
correct",19
2022A7PS0168P,17.5,"Missing hidden lines, not drawn Acco grid
points",3,"wrong solution, procedure and dimensions",17.5,"wrong rotation angle in last stage nio lab no
dim",38
2022AAPS0218P,23,center line,25,,15,"Incomplete Part 3, No labelling and
dimensioning",63
2022AAPS0226P,14.5,Missing/extra hidden,24,Point Dimensions are missing,2.5,"FV in on HP, Part 1 is drawn with TV rotated",41
2022AAPS0232P,20,"Missing hidden lines, missing visible lines,
drawing not to scale",0,No drawing available,16,"incomplete fig in last stages and wrong rot.
angle",36
2022AAPS0243P,21,"Missing hidden lines, wrong orientation",0,No drawing available,15,"last stage incomplete no lab. no
dimensioning",36
2022AAPS0251P,14.5,"Missing hidden lines in FV, SV",17,exchanged of points and wrong quadrant,10,"Part 2 incomplete, Did not do Part 3, No
labelling",41.5
2022A3PS0260P,14,"wrong location of views,missing/wrong
hidden center lines",19.5,"Exchanged of points, dimensioning not
done",0,Did not attend,33.5
2022AAPS0321P,7,Missing/extra hidden and visible lines,12,"Many mistakes, exchange of points",0,Did not attend,19
2022AAPS0360P,21,"Missing hidden lines, TV not according to
grid points",3,"Wrong Solution, procedure and dimensions",9,stage 2 partially done upto fig 3,33
2022A3PS0389P,7,"Extra and missing in TV, Only TV drawn",12,Wrong solution,12,"No labelling, Incomplete Part 3, Wrong
linetype",31
2022A3PS0425P,20.5,Missing/extra hidden lines,12,Wrong Procedure,9.5,"Incomplete Part 2, Did not do Part 3,
Projection line wrong thickness, Missing
dimensions",42
2022A3PS0476P,19.5,"Missing hidden lines, visible lines and extra
lines",0,No drawing available,4,only 1st stage drawn with wrong orientation,23.5
2022A8PS0515P,21.5,"Missing hidden lines, wrong dimension",0,No drawing available,18.5,no dim wrong rot. angle in last stage,40
2022A8PS0570P,20.5,missing hidden lines,20,"Exchange of points, dimensions missing,
apparent angle are wrong",1.5,"Incomplete Part 1, Did not do Part 2 and 3,
No labelling, No dimensioning",42
2022A1PS0714P,21,Missing hidden lines,7,"Wrong Solution, procedure and dimensions",6,"wrong orientation that two with two stages
only and no labelling",34
2022A4PS0748P,17,"missing hidden lines,center lines",24,Point Dimensions are missing,4.5,"Hexagon orientation wrong, Part 1 wrong
linetype, Did not do Part 2 and 3, No
labelling and dimensioning",45.5
2022A4PS0774P,11.5,"Extra lines in TV, FV and missing hidden
lines in FV, SV",16,wrong procedure,20,Correct Answer,47.5
2022A4PS0827P,10,"Wrong orientation, Missing hidden and
extra visible lines",12,Wrong Procedure and wrong quadrant,12,"Part 3 wrong, Wrong linetype, Incomplete
labelling",34
2022A4PS0924P,21,"Missing hidden lines, visible line",0,No drawing available,10,"incorrect figure in all stages, due to wtong
orientation",31
2022A4PS0973P,16,"missing hidden lines,center lines",20,"exchange of points, apparent angle are
wrong",2,"Wrong orientation, Wrong hexagon
orientation, Part 2 incorrect, Did not do Part
3",38
2022A1PS1022P,18,Missing hidden lines,5,"Wrong Solution, procedure and dimensions",12.5,"only two stages drawn with FV,TV labelling",35.5
2022A1PS1099P,20,"missing hidden lines,center lines",19.5,"exchange of point, wrong apparent angles,
point dimensions missing",16.5,"Incomplete Part 3, No labelling, No
dimensioning, but Correct answer",56
2022A7PS1188P,18,Wrong and missing hidden lines,25,,0,not attempted,43
2022A3PS1206P,16,"Missing hidden, wrong orientation",24,point dimensioning not mention,11,"Improper labelling, Incomplete Part 2, Did
not do Part 3",51
2022A3PS1211P,0,Not attempted,7,Wrong Solution,0,Did not attend,7
2022A3PS1217P,16,"missing hidden lines,center line",12,Wrong Procedure,9.5,"Incomplete Part 2, Did not do Part 3, Wrong
labelling, No dimensioning",37.5
2022A4PS1279P,22,Missing and extra hidden line,2,"Wrong Solution, procedure and dimensions",0,no attempt,24
2022A1PS1311P,17.5,missing hidden lines,10,Wrong Procedure,11,"Incomplete Part 2 and 3, No labelling, No
dimensioning",38.5
2022A1PS1325P,7,"wrong location of views and missing hidden
and extra lines",0,No drawing available,0,not attempted,7
2022A1PS1330P,16,"Missing hidden, No SV, extra visible",0,Not Attempt,0,Did not attend,16
2022A1PS1354P,16,"missing hidden lines,labelling",25,,12.5,"Wrong orientation, Wrong angle taken in
Part 2 and 3, Incorrect circle projection, No
dimensioning",53.5
2022A5PS1447P,8,"Missing hidden, extra visible and hidden",10,Wrong Solution and procedure,10.5,"Part 2 incomplete, Did not do Part 3, No
labelling, Missing dimensioning, Part 1
Wrong linetype",28.5
2022A5PS1465P,6,wrong,0,Not attempted,0,Did not attend,6
2022A1PS1667P,14.5,Missing hidden lines in FV and RSV,0,No drawing available,0,not attempted,14.5
2022A7PS0042P,22,Missing hidden lines,14,"Wrong solution, procedure and
dimensions",4,only stage 1 drawn with wron orien.,40
2022A7PS0058P,5,Total wrong drawing,0,No drawing available,5,"only two stages partially drawn with incorrect
orientation labelling and quadrant",10
2022A7PS0118P,17.5,Missing hidden lines,16.5,"Many mistakes, exchange of points",11.5,"Wrong hexagon and circle dimension,
Incomplete Part 2, Did not do Part 3, Wrong
labelling",45.5
2022A7PS0119P,23,missing hidden lines,25,,17,"Circle diameter wrong, Incomplete Part 3,
Missing dimensioning, but Correct answer",65
2022A7PS0137P,18,"tv ,missing hidden lines",12,Wrong Procedure,12,"Incomplete Part 2 and 3, Wrong linetype,
Did not take circle into consideration,
Incorrect labelling, Missing dimensioning",42
2022A7PS0145P,,,,,,,0
2022A7PS0146P,11,"Missing RSV, hidden and extra lines",0,no drawing available,16,last stage incomplete wrong dir of rotation,27
2022A7PS0173P,25,All correct,25,,9,"Line is not on VP, Incomplete Part 2, did not
do Part 3, Part 1 wrong linetype, No labelling
and dimensioning",59
2022AAPS0268P,17.5,"missing hidden lines
missing hidden lines",0,Not Attempted,18,"Circle diameter wrong, Missing labelling and
dimensioning",35.5
2022A3PS0329P,17.5,24,Points dimensions not mentioned,20,Correct Answer,61.5,
2022A4PS0403P,21,missing hidden and extra visible,12,Wrong Solution,2,"Wrong Part 1, Did not do Part 2 and 3",35
2022A3PS0455P,8,Missing TV and RSV,25,,18,wrong part 3 rotation and incomplete figure,51
2022A8PS0462P,22,Missing hidden lines in FV,25,,9,"incomplete figure in all stages circle missing
final stage incorrecyt orientation",56
2022A4PS0490P,21,"Missing hidden lines, extra visible lines",0,no drawing available,11,"wrong orien. incorrect and incomplete last
stage",32
2022A4PS0558P,19,Extra visible line and missing hidden lines,22,Dimensions are missing,12,only 2 stages no lab. no dim,53
2022A8PS0567P,23.5,Missing hidden,12,Wrong Procedure,10,"Incomplete Part 2, Did not do Part 3",45.5
2022A8PS0586P,10,"Missing hidden lines and visible lines in FV,
SV",0,Not Attempt,0,Did not attend,10
2022A4PS0615P,17.5,"missing hidden lines
missing hidden lines",0,Not Attempt,13,"Did not take circle into consideration,
Incomplete Part 3, Wrong labelling, No
dimensioning",30.5
2022A4PS0680P,16,17,Many mistakes in procedure,10,"Hexagon orientation wrong, Did not take
circle into consideration, Incomplete Part 3,
No label and dimensions",43,
2022A4PS0702P,10,"wrong feature,missing hidden lines,extra
line",21,"Exchange of point and some dimensions
are missing",6.5,"Wrong orientation, Incomplete Part 2, Did
not do Part 3, no labelling, no dimensioning,
Wrong linetype",37.5
2022A4PS0708P,12,Missing and extra hidden lines,0,No drawing available,1,"only 1st stage drawn with wrong quadrant
and wrong labelling",13
2022A4PS0738P,10,"Missing hidden and center lines, not drawn
Acco grid points",0,No drawing available,6,wrong orien. incomplete fig in all stages,16
2022A4PS0795P,18,Missing hidden lines,0,No drawing available,0,not attempted,18
2022A4PS0806P,17,"Missing hidden and center lines, not drawn
Acco grid points",0,No drawing available,7.5,wrong orientat. only 2 stages drawn,24.5
2022A4PS0897P,19,Missing hidden and center lines,25,,5,"incorrect orientation , incomplete figure in all
stages",49
2022A1PS0903P,18,"Missing hidden lines, not drawn Acco grid
points",0,No drawing available,19,"incorrect line type plus last figure in final
stage",37
2022A4PS0945P,16,"missing hidden lines,wrong tv orientation",0,Not attempt,0,Did not attend,16
2022A4PS0962P,13,"missing hidden lines,center lines",18,"exchange of point and dimension not done
properly",10,"Incomplete Part 2, Did not do Part 3, Wrong
labelling, No dimensioning",41
2022A1PS1075P,21,Missing hidden and extra visible,15,Many mistakes,4,"Hexagon orientation is wrong, Did not do
Part 2 and 3",40
2022A7PS1168P,11,"Missing hidden lines in FV, SV and extra
line",12,Wrong Procedure,3,"Part 1 incomplete, Did not do Part 2 and 3",26
2022A7PS1184P,16,missing hidden lines,8,Wrong Solution,1.5,"Incomplete Part 1, hexagon orientation
wrong, Circle diameter wrong, Did not do
Part 2 and 3, no labelling",25.5
2022A3PS1194P,19.5,"Missing hidden lines, not drawn Acco grid
points",23,Dimensions are missing,18.5,incomplete last stage incorrect line type,61
2022A3PS1221P,24,Missing hidden lines,25,,19,incomplete last satge,68
2022A8PS1244P,13,"Missing one view, visible and hidden, center
lines",7,"Wrong solution, procedure and dimensions",5,"incorrect quadrant ,incorrect orientation plus
incomplete figure(only2 stages drawn)",25
2022A8PS1250P,19,missing hidden lines,13,Wrong Solution,8.5,"Wrong circle diameter, Incomplete Part 2,
Did not do Part 3, Wrong linetype",40.5
2022A8PS1256P,16,"Missing visible, hidden lines, location",15,Solution wrong,0,Not attempted,31
2022A4PS1293P,14.5,Missing hidden,12,Line made in single Quadrant,12,"Did not do Part 3, No Dimensioning, Missing
labelling, Part 1 Wrong linetype",38.5
2022A1PS1306P,17.5,missing hidden lines,10,Wrong Procedure,17.5,"Incomplete Part 3, No dimensioning, but
Correct answer",45
2022A1PS1316P,10,"Missing hidden and center lines, wrong
orientation, extra lines",0,no drawing available,1,"only part 1 stage 1 incomplete with wrong
orien.",11
2022A1PS1342P,17.5,Missing hidden lines,0,No drawing available,4,incorrect orientation only 1st stage drawn,21.5
2022A5PS1448P,13,"Missing hidden and center lines, not drawn
Acco grid points",0,No drawing available,0,only part 1 stage 1 with wrong quad.,13
2022A5PS1463P,12,"Missing hidden and center lines, not drawn
Acco grid points",2,"Wrong solution, procedure and dimensions",0,-5 due to wrong quadrant,14
2022A1PS1571P,0,Ortho drawing is not there,3,Wrong solution and procedure,13,"incorrect orientation with incorrect labelling
and 2nd part of last stage is incorrect",16
2022A1PS1610P,13,"Missing hidden and center lines, incomplete
drawing, dimension",2,"Wrong solution, procedure and dimensions",4.5,wrong orien. only 3 parts that too incomplete,19.5
2021D2TS2083P,0,not attempted the question,0,No drawing available,0,not attempted incorrect,0
2022A7PS0045P,22.5,"Missing hidden lines, wrong labelling",5,"Wrong solution, procedure and dimensions",18,wrong line type no labeeling and no dim,45.5
2022A7PS0047P,13,Missing hidden,13.5,"Dimension are missing, wrong apparent
values",16.5,"Incomplete Part 3, Wrong labelling, Missing
dimensioning, Error in final answer AD",43
2022A7PS0075P,17.5,Missing and extra hidden,11,Wrong Procedure,1.5,"Wrong orientation, Incomplete Part 1, Did
not do Part 2 and 3",30
2022A7PS0079P,18,"Missing hidden lines, missing and extra
lines",0,No drawing available,4,"wrong orien stage 2 ,3 completely wrong",22
2022A7PS0098P,14,Missing hidden and center lines,25,,14.5,"last stage wrong incorrect lab no dim wrong
rot. direc",53.5
2022A7PS0102P,7,"Missing hidden and center lines, not drawn
Acco grid points, wrong dimension",25,,12,incorrect stage 3 wrong orientation no dim.,44
2022A7PS0105P,14,"wrong,missing hidden lines",12,Wrong Procedure,1.5,"Wrong orientation, Centers did not align,
circle diameter wrong, Incomplete Part 2,
Did not do Part 3, wrong label, no
dimensioning",27.5
2022A7PS0107P,19,Missing hidden lines,0,Not Attempt,12,"Part 2 error in circle, Did not do Part 3,
Incorrect labelling, No dimensioning",31
2022A7PS0110P,20.5,Missing hidden lines,0,"Wrong solution, procedure and
dimensions",12,wrong orien. last stage incomplete,32.5
2022A7PS0128P,8,no scale,25,,4,only stage 1 drawn with incorrect orientation,37
2022A7PS0134P,23.5,missing hidden,25,,14,Did not do Part 3,62.5
2022A7PS0170P,24,Missing hidden lines,0,No drawing available,0,not attempted,24
2022A7PS0185P,18,"Missing hidden lines, visible and extra
lines,axis line",0,No drawing available,6,"onnly two stages wrong orien. incomplete
drawing",24
2022A7PS0190P,15,missing hidden and center lines,0,No drawing available,11,"incorrect orientation with incomplete final
stage and circle drawn incorrect with no
dimensioning",26
2022AAPS0204P,22,"Missing hidden lines, missing visible line",23,Dimensions are missing,13,only upto 2nd stage,58
2022A3PS0209P,14,"Wrong orientation of TV, missing hidden
and center lin",10,"Wrong solution, procedure and
dimensions",4.5,"omnly 1 and half stage drawn partially
correcct with no labelling and dimensioning
wrong orientation",28.5
2022AAPS0313P,20.5,Missing hidden lines,3,"Wrong solution, procedure and
dimensions",8,"incorrect orientation plus incomplete figure
(only 2 stages drawn)",31.5
2022AAPS0323P,20.5,missing hidden lines,25,,11,"Incomplete Part 2, Did not do Part 3",56.5
2022AAPS0326P,19,missing hidden lines,12,Wrong Procedure,4.5,"Incomplete Part 1, Did not do Part 2 and 3,
No labelling and dimensioning",35.5
2022A3PS0357P,19.5,Missing hidden and extra visible,21.5,"apparent length is wrong, some
dimensioning are missing",1,"Wrong Hexagon Orientation, Incomplete
Part 1, Did not do Part 2 and 3",41
2022AAPS0366P,22.5,Missing and extra hidden lines,5,incomplete drawing,7,wrong orien. incomplete 2nd and 3rd stage,34.5
2022A8PS0397P,16,"Missing hidden lines, not drawn Acco grid
points, extra lines",23,Dimensions are missing,7,wrong orien. incomplete fig in stage 2,46
2022A3PS0429P,0,Not attempted,23,Dimensions are missing,14.5,"Wrong Quadrant, Dimension not marked,
incomplete labelling",37.5
2022A3PS0444P,15,"Missing hidden lines, not drawn Acco grid
points",0,No drawing available,0,not attempted,15
2022A3PS0456P,20.5,missing hidden lines,16,Many Mistakes,10,"Hexagon dimension wrong, Did not do Part
3, Part 1 and 2 wrong linetype, No labelling
and dimensioning",46.5
2022A4PS0466P,23.5,Missing hidden lines,25,,18,"incomplete last stage plus wrong direc of
rotation",66.5
2022A4PS0694P,17.5,Missing hidden,14,Many mistake made,12.5,"Circle diameter wrong, No labelling, Did not
do Part 3",44
2022A4PS0725P,13,"missing hidden lines,center line labelling",0,Not Attempt,13,"Incomplete Part 2 and 3, No labelling and
dimensioning",26
2022A4PS0782P,19,"missing hidden lines,center line",24,Point Dimension are missing,12.5,"Did not do Part 3, Wrong labelling, Missing
dimensioning",55.5
2022A4PS0899P,19,Missing hidden lines,7,"Wrong solution, procedure and dimensions",14,"incorrect orientation in all stage and partially
incorrect figure",40
2022A4PS0925P,15,"Missing hidden lines, visible, center and
extra lines",0,"Wrong solution, procedure and dimensions",9,"incorrect orientation, incorrect stage 2 and 3",24
2022A1PS1043P,6,Extra lines and only Tv drawn,12,Made in single quadrant,14,"Incomplete Part 3, No dimensioning, Wrong
linetype in Part 1 and 2, Wrong labelling",32
2022A1PS1162P,8,"Missing hidden and center lines, not drawn
Acco grid points, wrong drawing",0,Wrong drawing available,11,wrong orien. incomplete fig. in last stage,19
2022AAPS1192P,17.5,missing hidden lines,24,Point Dimension are missing,11,"Incomplete Part 2, Did not do Part 3, No
dimensioning, Incorrect Projection lines",52.5
2022A3PS1226P,0,No drawing,2,"Wrong solution, procedure and dimensions",5,"wrong quad. wrong orien. incomplete fig in
last stage.",7
2022A8PS1248P,16,Missing hidden and visible lines,7,"Wrong solution, procedure and
dimensions",4,only 1st part of 1st stage is drawn,27
2022A4PS1281P,23,missing hidden lines,24,Point dimension are missing,12,"Did not do Part 3, No dimensioning",59
2022A1PS1332P,14,"Missing hidden and center lines, extra lines
and not drawn Acco grid points",2,no drawing available,4,wrong orien. only 1st stage drawn,20
2022A1PS1360P,6,"Wrong diagram and no hidden and extra
lines",3,"Wrong solution, procedure and
dimensions",6,"incorrect orientation only 1st 3 drawings
made",15
2022A5PS1443P,16,"Missing hidden lines, extra lines,
incomplete drawing",0,Not attempted,6,drawn 1st stage only,22
2022A5PS1451P,5,Wrong,0,Not attempted,5,"Part 1 Wrong quadrant and Error in FV and
TV, Part 2 wrong, did not do Part 3, Wrong
linetype in Part 1 and 2",10
2022A8PS1560P,20.5,Missing hidden lines,25,,3,only 1st half of 1st stage is drawn,48.5
2022A1PS1568P,11.5,"Missing hidden and visible and No SV
drawn",21,"True length value taken wrong leads to
mistakes",18,"Improper labelling, Part 1 Wrong linetype,
Part 2 and 3 wrong circle, Mistake in final
answer AD",50.5
2022A1PS1631P,9,"RSV is missing,wrong location of views and
missing Hl",0,No drawing available,0,not attempted,9
2022A1PS1730P,17,"missing hidden lines,center line,location",0,Not Attempted,0,Did not attend,17
2022A3PS0022P,15,"missing hidden lines,center line
missing hidden lines",16,Exchange of points and many mistakes,8.5,"Part 1 Wrong linetype, Part 2 and 3
incorrect, Missing labelling, No
dimensioning",39.5
2022A3PS0023P,19,20.5,"True shape dimensioning not done and
exchange of points",15,"Incomplete Part 3, No labelling and
dimensioning",54.5,
2022A7PS0076P,22.5,Missing hidden lines,7,"Wrong solution, procedure and dimensions",6,"wrong orien. only 3 diagram in first two
stages drawn",35.5
2022A7PS0120P,17,"Missing hidden and center lines, visible
lines",0,no drawing available,5.5,"-5 wrong quadrant only two stages angle
iwth VP wrong",22.5
2022A7PS0124P,17.5,"Extra and Missing hidden lines in FV, SV",18,Wrong selection of points,11.5,"Part 2 incomplete, Did not do Part 3",47
2022A7PS0182P,9,"Missing hidden and center lines,wrong
orientation, incomplete drawing",22,Dimensions are missing,11,"wrong stage 2 and 3 wrong orein and dir. of
rotataion",42
2022AAPS0235P,19,Missing hidden lines,0,No drawing available,5.5,"1st stage partially correct 1st part of 2nd
stage partially correct",24.5
2022A3PS0265P,21.5,"Missing and extra hidden lines, no labelling",2,"Wrong solution, procedure and
dimensions",6,wrong orientation incorrect stage 2 and 3,29.5
2022A3PS0377P,,,,,,,0
2022A3PS0479P,15.5,"missing hidden lines,center line",10,Wrong solution,2,"Incomplete Part 1, Did not do Part 2 and 3,
Center mismatch in hexagon and circle, No
labelling and dimensioning",27.5
2022A8PS0511P,3,incomplete,0,Not Attempted,0,Did not attend,3
2022A1PS0530P,13.5,"Missing hidden in FV, SV and Extra line in
FV",6,Wrong Solution,2,"Part 1 incomplete, Did not do Part 2 and
Part 3",21.5
2022A3PS0538P,21,Missing hidden lines,0,no drawing available,5,only stage 1 drawn with incomplete fig,26
2022A4PS0546P,19,missing hidden lines,15,,2,"Wrong orientation, Incomplete Part 1, Did
not do Part 2 and 3, Wrong linetype",36
2022A8PS0590P,16.5,Missing hidden and labelling,11,Wrong Solution,1,"Drawn pentagon, Incomplete Part 1, Did not
do Part 2 and 3",28.5
2022A8PS0619P,20.5,Missing hidden lines,2,"Wrong solution, procedure and dimensions",4.5,incomplete 1st stage no 2nd and 3rd stage,27
2022A4PS0624P,22,Missing hidden lines,2,No drawing available,6,"wrong quadrant and labelling 2nd stage
incomplete",30
2022A4PS0640P,23.5,Missing hidden lines,2,"wrong procedure followed, projections are
wrong",3,wrong orien. incomplete all 3 figures,28.5
2022A1PS0643P,17.5,Missing hidden lines,7,Wrong solution and procedure,1,first stage only -5 due to wromg quad,25.5
2022A4PS0684P,18,"Extra line in TV, Missing hidden in FV, SV",11,Wrong Solution marks for procedure,0,Did not attend,29
2022A4PS0719P,14,Missing hidden lines,4,"Wrong solution, procedure and dimensions",3.5,only 1st part of 1st stage is drawn,21.5
2022A4PS0723P,17.5,Missing hidden lines,7,"Wrong solution, procedure and dimensions",9,"incorrect quadrant and orientation with
incomplete figure",33.5
2022A4PS0871P,4,Wrong location and incorrect views,0,No drawing available,6,"only upto 2nd stage and incorrect line type
and Partially correct fig.",10
2022A1PS0883P,12,"Missing hidden and center lines, wrong
orientation",0,No drawing available,1.5,"incorrect fig. no 2nd and 3rd stage only
partial part 1 in 1st stage is drawn",13.5
2022A4PS0953P,12,Wrong FV and RSV,0,No drawing available,0,no attempt,12
2022A1PS1001P,18.5,"missing visible line,hidden line",16,Many Mistakes,5.5,"Wrong orientation, Wrong hexagon
orientation, No labelling, No dimensioning",40
2022A1PS1056P,12,"Misssing hidden, center lines, extra lines,
wrong scale",0,No drawing available,0,no drawing available,12
2022A7PS1175P,8,Wrong/extra/missing hidden and visible,11,Wrong Procedure,16.5,"Improper circle drawing, Part 3 wrong",35.5
2022A7PS1183P,6,"Missing/wrong/extra hidden and visible, and
wrong orientation",3,Wrong Procedure,0,Did not attend,9
2022A7PS1187P,8,"Missing hidden lines, incomplete drawing",24,XY are missing,15,last stage incomplete plus wrong rotation,47
2022A3PS1207P,0,Not attempted,12,Wrong Solution,18.5,"Part 1 wrong linetype, Missing dimension for
AD, incorrect labelling but Correct answer",30.5
2022A3PS1224P,11.5,Missing hidden,4,Wrong,11,"Circle diameter wrong, No labelling, Did not
do Part 3",26.5
2022A8PS1225P,21,"Wrong location of view, missing hidden
lines",22,dimensions are missing and wrong labeling,1.5,part 1 stage 1 partially drawn,44.5
2022A3PS1231P,22,"Missing hidden lines, extra lines",2,"Wrong solution, procedure and dimensions",15,incomplete fig circle absent in all stages,39
2022A3PS1233P,6,Incomplete drawing,0,No drawing available,13,"incorrect orientation in all stages plus
incorrect line type",19
2022A8PS1239P,19,"Missing hidden and center lines, not drawn
Acco grid points",12,Wrong Solution,0,Did not attend,31
2022A8PS1245P,17.5,missing hidden lines,17,Many Mistakes,13.5,"Did not take circle into consideration,
Incomplete Part 3, Incorrect labelling, Error
in Part 2",48
2022A8PS1249P,0,no attempt,25,,14.5,"Incomplete Part 3, No labelling",39.5
2022A4PS1272P,19,Missing and extra hidden line,11,Wrong Solution,11.5,"Part 3 Wrong, No labelling and
dimensioning, Part 2 circle is wrong",41.5
2022A4PS1278P,9,Missing and extra hidden,10.5,Wrong Solution,10,"Part 1 TV wrong, Part 2 Wrong, Did not do
Part 3, No Labelling, No dimensioning",29.5
2022A4PS1301P,24,Missing hidden lines,0,No drawing available,19,"wrong dir of rotation in last stage and
incorrect fig",43
2022A1PS1598P,,,,,,,0
2022A8PS1720P,16,"wrong view location,missing hidden lines",3,Wrong,9.5,"No XY line, Part 1 Wrong TV and linetype,
Part 2 wrong angle, Part 3 wrong angle",28.5
2022A1PS0992P,16,"missing hidden lines,center line",24,Apparent length dimension not mentioned,11,"Part 2 incomplete, Did not do Part 3, Wrong
linetype, No dimensioning",51
2022A7PS0054P,16,missing hidden lines,24,some dimensioning are missing,2,"Wrong orientation, Hexagon orientation
wrong, Incomplete Part 2, Did not do Part 3,
Part 1 and 2 wrong linetype",42
2022A7PS0081P,20.5,Missing hidden lines,5,"Wrong solution, procedure and dimensions",1.5,only 1st half of 1st stage is drawn,27
2022A7PS0082P,21,"Missing hidden lines, missing and extra
lines",25,,5,wrong quad incomplete stage 2,51
2022A7PS0109P,12.5,"Missing hidden, wrong location,
missing/extra visible",10,Wrong Procedure,1,"Wrong orientation, Incomplete Part 1, DId
not do Part 2 and 3",23.5
2022A7PS0158P,20,"Missing hidden lines, not drawn Acco grid
points",10,Wrong Procedure,0,Did not attend,30
2022A7PS0184P,13,"Extra visible line and missing hidden and
center lines",3,"Wrong dimension taken and wrong
solution",18,no lab incomp. last stage,34
2022AAPS0249P,22,Missing hidden lines and wrong orientation,0,No drawing available,3,only satge 1 part 1 drawn,25
2022AAPS0250P,10.5,"Wrong orientation, Missing hidden lines",7.5,Incomplete Solution,11,"Did not do Part 3, Wrong linetype and
labelling",29
2022A4PS0254P,12,"missing hidden lines,missing hidden lines",10,Incomplete Solution,0,Did not attend,22
2022A3PS0380P,19,"Missing hidden lines, visible, center and
extra lines",0,no drawing available,12,"2nd stage partially correct incorrect angle
3rd stage partially drawn",31
2022A3PS0399P,11,"Missing visible, hidden, and center lines",0,No drawing available,8.5,"only two stages with incomplete figure and
labelling",19.5
2022A8PS0408P,18,"Missing hidden lines, not drawn Acco grid
points",7,wrong solution and procedure,17,incomplete last stage no dim no lab.,42
2022A3PS0410P,17.5,missing hidden lines,21.5,Wrong apparent angle dimension missing,2,"Hexagon orientation Wrong, Did not do Part
2 and 3, Projection line thickness incorrect,
Wrong labelling",41
2022A3PS0454P,17.5,"missing hidden lines,center lines",17,"Exchange of point, apparent values are
wrong",16.5,"Incomplete Part 3, Missing labelling",51
2022A3PS0458P,21,missing hidden lines,17,"Exchange of point, apparent values are
wrong",10,"Hexagon orientation wrong, FV is on HP,
Part 1 wrong linetype, Part 3 wrong",48
2022A4PS0634P,19,missing hidden lines,9,Wrong Solution,0,Did not attend,28
2022A4PS0703P,12,"Missing hidden lines, wrong orientation and
views",23,Dimensions are missing,19,wrong dir. of rotation incomplete last stage,54
2022A4PS0843P,20.5,Missing hidden,0,,17,"Wrong labelling, Incomplete dimensioning,
Mistake in considering circle",37.5
2022A4PS0855P,22,Missing hidden lines,0,"Wrong solution, procedure and dimenions",8,"incorrect line type, incomplete diagram in
1st and 2nd stages",30
2022A1PS0984P,21,Missing hidden lines and visible line,0,No drawing available,14,"wrong line type incorrect fig in 2nd 3rd stage
incomplete fig.",35
2022A7PS1174P,20.5,missing hidden lines,21.5,"Exchange of point and dimension of point
not done",12,"Incomplete Part 2, Did not do Part 3, No
labelling and dimensioning",54
2022A7PS1182P,16.5,"Missing hidden lines, wrong orientation and
views",0,No drawing available,4,wrong quad.only 2nd stage 1st part drawn,20.5
2022A7PS1186P,20.5,Missing hidden lines,0,"Wrong solution, procedure and dimenions",18.5,final stage paartially correct,39
2022A3PS1230P,14.5,"Wrong orientation of TV and missing
hidden lines",0,"Wrong solution, procedure and dimenions",8,wrong oriewewn. incorrect 2nd stage,22.5
2022A8PS1238P,15,"Missing and wrong hidden, extra line",22.5,"True Length and points dimensioning not
done",17.5,"Did not take Circle into consideration,
Missing dimensioning",55
2022A8PS1253P,5,"FV Incomplete, No TV, SV",0,Not Attempt,1,"Part 1 incomplete, Did not do Part 2 and 3",6
2022A4PS1291P,17,"Missing hidden lines, extra lines",4,"Wrong solution, procedure and dimenions",17.5,"wrong line type incomplete final stage wrong
lab.",38.5
2022A1PS1353P,5,"Missing TV, hidden and visible",3,Wrong,0,"Hexagon dimension wrong, Wrong
orientation, Incomplete Part 1, Did not do
Part 2 and 3",8
2022A4PS0015P,15,"Missing hidden, extra visible, wrong
orientation",4,Solution not made,18,"Incomplete Part 3, Incomplete labelling",37
2022A4PS0026P,19,missing hidden lines,7.5,Incomplete Drawing,7.5,"Wrong orientation, Did not do Part 3, No
dimensioning, Wrong circle diameter",34
2022A7PS0031P,17,"missing hidden lines,center line
missing hidden lines,center line
missing hidden lines,center line",23,Dimension are missing,1,"Incomplete Part 1, Did not do Part 2 and 3,
Wrong linetype",41
2022A7PS0041P,17,10,Wrong Solution,4.5,"Wrong orientation, Incomplete Part 2, Did
not do Part 3, Missing labelling, No
dimensioning",31.5,
2022A7PS0066P,15,21,all apparent value are wrong,6,"Circle diameter wrong, TV is not on VP,
Incomplete Part 2, Did not do Part 3, No
labelling and dimensioning, Wrong linetype",42,
2022A7PS0115P,19,Extra line and missing hidden,3,Wrong,13,"Wrong circle diameter, Part 3 incomplete,
no Dimensioning",35
2022A7PS0138P,17.5,Missing hidden,24,Dimension of points missing,6,"Wrong labelling, Did not do Part 2 and 3, No
dimensioning",47.5
2022A7PS0159P,13.5,Missing hidden and extra visible,24,Some Dimensioning are missing,4,"Wrong orientation, Incomplete Part 2 and
did not do Part 3",41.5
2022A7PS0171P,19,"Missing hidden lines, wrong orientation,
missing visible line",2,"Wrong solution, procedure and
dimensions",0,not attempted,21
2022A7PS0172P,20.5,Missing hidden,22,"Scaling of dimension not done, angle
values are wrong",18,"Wrong labelling, No dimensioning, but
Correct answer",60.5
2022A7PS0175P,20,Missing hidden and center lines,0,no drawing available,17,"incorrect and incomplete final stage wrong
direc of rot. labelling and no dim",37
2022A7PS0187P,22,Missing hidden lines,25,,17.5,"circle drawn ia incorrect with no
dimensioning",64.5
2022A3PS0221P,23,"Missing hidden and center lines, not drawn
Acco grid points",24,labeling are missing,15,incorrect 2nd and 3rd stage,62
2022AAPS0244P,19,Missing hidden lines,0,no drawing available,12.5,wrong  quadrant incomplete last stage,31.5
2022A3PS0376P,20,"Missing hidden lines, incomplete drawing",0,"wrong solution, procedure and dimensions",0,not attempted,20
2022A4PS0449P,20,Missing and extra hidden lines,0,No drawing available,18.5,final figure of last stage incomplete,38.5
2022A3PS0473P,15.5,"Missing hidden in FV, SV and visible in FV",17,Wrong values and wrong location of lines,9,"Part 2 incomplete, Part 3 did not do, Wrong
linetype, No labelling",41.5
2022A8PS0540P,22,Missing hidden,22,Exchange location,9.5,"Wrong circle diameter, Incomplete Part 2,
Did not do Part 3",53.5
2022A8PS0566P,16,missing hidden lines,16,Many mistakes,17,"Error in Part 3, Final circle is wrong, Error in
final answer AD, No dimensioning",49
2022A8PS0595P,14,"Wrong location of SV and missing hidden
lines",0,No drawing available,4,only 1st part of 1st stage drawn,18
2022A4PS0673P,14.5,Missing and extra hidden,0,Not attempt,14.5,"Incomplete Part 3, No dimensioning,
incomplete labelling",29
2022A4PS0675P,19,"missing hidden lines
missing hidden lines",13,"exchange of points and dimensions is
missing, other mistake",9.5,"Wrong orientation, Incomplete Part 3,
Missing dimensioning",41.5
2022A4PS0747P,19,20.5,"exchange of points and dimension are
missing",12,"Did not do Part 3, No labelling and
dimensioning",51.5,
2022A4PS0902P,18.5,Missing hidden and center lines,7,"wrong solution, procedure and dimensions",6,"incomplete and incorrect figure wrong
quadrant",31.5
2022A1PS1057P,23,missing hidden lines,24,True Length of line not mentioned,17.5,"Incomplete Part 3, No dimensioning, but
Correct answer",64.5
2022A7PS1170P,22.5,Missing hidden lines,0,No drawing available,12.5,ony two stages with wrong angle with VP,35
2022A7PS1171P,17,"missing hidden lines,labelling",3,Wrong,14.5,"Incomplete Part 3, Part 1 wrong linetype,
Wrong labelling, No dimensioning",34.5
2022A7PS1185P,20.5,Missing hidden,23.5,"Minor error in angle and point dimension
are missing",0,Did not attend,44
2022A3PS1196P,8.5,"Missibe visible, hidden, center lines",0,No drawing available,15,"incomplete Part 3, circle not completely
drawn in any stages",23.5
2022A3PS1198P,13,Missing hidden,21,"Apparent length value are wrong & some
dimensioning missing",16,"Did not take circle into consideration, No
labelling,  but correct answer",50
2022A3PS1204P,13,Missing Hidden Lines/extra lines,24,Points dimension are missing,0,Did not attend,37
2022A8PS1235P,19,extra/missing hidden lines,24.5,Minor Variation in angle,11,"Part 2 extra lines drawn, Did not do Part 3,
Wrong labelling, No dimensioning",54.5
2022A8PS1236P,21,"Missing hidden and center lines, extra lines",0,No drawing available,8,"only two stages drawn with wrong
orientation",29
2022A8PS1241P,13,"wrong location of views,missing hidden
lines",12,Wrong Procedure,0,Did not attend,25
2022A4PS1365P,14,Missing hidden and center lines,0,no drawing available,10,"wrong quad. no dim no lab incorrect last
stage",24
2022A1PS1578P,16,Missing hidden,13,Wrong Solution,7.5,"Wrong hexagon orientation, Did not take
circle into consideration, Incomplete Part 3",36.5
2022A1PS1729P,4.5,"one view, hidden lines, and center lines are
missing",2,(-23)Incomplete drawing,15,"incomplete drawing , last stage is not there",21.5
2022A7PS1733P,19,Missing hidden lines,17,Many Mistakes,9,"Incomplete Part 2, did not do Part 3, Wrong
labelling, no dimensioning",45
2022A3PS1734P,21,"Missing hidden lines, extra lines",0,no drawing available,4,only 1st stage with incorrect orientation,25
2022A4PS0969P,17.5,missing hidden lines,24,Point dimension are missing,0,Did not attend,41.5
2021B5TS2070P,18,"Missing hidden and center lines, extra lines",2,"Wrong solution, procedure and
dimensions",4,wrong quad incomplete fig in both stages,24
2022A7PS0044P,9.5,Missing hidden and center lines,0,No drawing available,1.5,"only 1st part of stage 1 that too partially
incorrect with incorrect orientation",11
2022A7PS0051P,10,wrong solution,0,Not Attempt,1.5,"Wrong orientation, Circle diameter wrong,
Did not do Part 2 and 3, No dimensioning",11.5
2022AAPS0211P,19,Missing hidden,7,Only True shape is made,13,"Line is not on VP, Wrong labelling,
Incomplete Part 3",39
2022AAPS0222P,16,Missing hidden,11,Wrong Procedure,5,"Part 2 wrong, Incomplete Part 3, Wrong
Quadrant system",32
2022A4PS0223P,16,"missing hidden lines,center lines
missing hidden lines,center lines
missing hidden lines",4,Wrong,0,"Wrong orientation, Drawn Heptagon, Circle
diameter wrong",20
2022AAPS0241P,17,12,Wrong Procedure,7.5,"Circle diameter wrong, Incomplete Part 2,
Did not do Part 3, No labelling and
dimensioning, Wrong linetype",36.5,
2022AAPS0331P,19,23,Many dimensions are missing,18,"Circle diameter wrong, Missing
dimensioning, Part 1 and 2 wrong linetype,
but Correct answer",60,
2022A3PS0457P,17,"missing hidden lines,center lines",12,Wrong Procedure,9.5,"Incomplete Part 2, Did not do Part 3,
Incorrect labelling, No dimensioning",38.5
2022A3PS0492P,16.5,Missing hidden and extra visible,25,,18,"No labelling, No dimensioning, but Correct
answer",59.5
2022A4PS0543P,19,missing hidden lines,24,True length dimensioning not done,9.5,"Circle diameter wrong, Incomplete Part 2,
Did not do Part 3, Incorrect labelling, No
dimensioning",52.5
2022A4PS0617P,13,"Missing hidden, cenetr lines, wrong
dimension, location of points",0,No drawing available,16,incorrect 3rd stage no dim,29
2022A4PS0868P,16,"Missing hidden and center lines, extra lines,
incomplete drawing",18,"Dimensions are missing,values are wrong",14,incomplete 2nd and 3rd stages,48
2022A4PS0895P,19,Missing hidden,14,"Projections are wrong, values are wrong",0,Did not attend,33
"",2022A4PS0941P,19,Missing hidden lines,0,No drawing available,17.5,incomplete final stage(-1.5) no dimensioning,36.5
"",2022A4PS0955P,5,Wrong views,4,Wrong,0,Did not attend,9
"",2022A1PS1040P,10,"Missing hidden, extra visible, wrong
orientation",13,Wrong Solution,0,Did not attend,23
"",2022A7PS1169P,13,"missing hidden lines,no labelling,center line
missing hidden lines",0,Not Attempt,3,"Wrong hexagon orientation, Wrong circle
diameter, Did not do Part 2 and 3, No
labelling and dimensioning",16
"",2022A7PS1177P,20.5,7,Wrong Solution,9,"Incomplete Part 2, Did not do Part 3, No
labelling and dimensioning",36.5,
"",2022A3PS1195P,18,"Missing hidden lines, center and extra lines
,labelling",2,"Wrong solution, procedure and dimensions",0,no  attempt,20
"",2022A3PS1197P,,,,,,,0
"",2022A3PS1216P,19,Missing hidden lines,25,,9.5,"incorrect stage 2 , incorrect line type",53.5
"",2022A1PS1328P,12,"Missing hidden and center lines, not drawn
Acco grid points, wrong orientation",2,"Wrong solution, procedure and dimensions",8,incorrect 2nd and 3rd stage,22
"",2022A4PS1563P,20.5,missing hidden lines,21,"exchange of point, some dimension are
missing",13.5,"Incomplete Part 3, Missing labelling, No
dimensioning",55
